réplica,t_sistema,t_cola,Tp,n_max,total
1,11.047736888415697,9.205349580302649,14.44572140923772,10,28
2,26.164737469298665,23.858789378405344,53.04420770425547,23,40
3,22.847399679895826,20.82277698904087,33.7039095868782,20,36
4,28.615222817699543,26.68832739687026,52.07427254427202,27,47
5,19.486772327157652,17.416379824082192,34.921695363916044,17,36
6,26.317028933281673,24.37122023356184,57.52722509458836,28,50
7,29.388394520702906,27.10428191480237,58.365878638460885,27,43
8,20.702596388208317,18.72449646695233,39.6537622654278,21,39
9,13.03893148291434,10.935113181577924,20.90844035178211,12,27
10,19.711250037135585,17.766744680226186,36.013474498052474,19,39
