réplica,beneficio,pct_satisf,pct_inv0,R,C,H,clientes,t_fin,x_fin,beneficio_aj
1,16216.54541587419,89.63730569948187,13.302237564753293,77250.0,57600.0,3433.454584125809,193,101.49187680074989,81,24316.545415874192
2,24637.173251224416,92.03980099502488,11.499772880049816,85650.0,57500.0,3512.8267487755834,201,99.76245376369624,24,27037.173251224416
3,15378.78961819672,85.71428571428571,13.774770514591067,76350.0,57500.0,3471.2103818032792,203,103.57951837327595,86,23978.789618196723
4,12734.269248476143,69.8019801980198,18.462616472048598,65850.0,49300.0,3815.730751523857,202,99.53776048498304,74,20134.269248476143
5,24241.28341265316,84.14096916299559,15.68875367656717,85650.0,57800.0,3608.7165873468384,227,99.64773996116753,27,26941.28341265316
6,12581.352008904378,85.27918781725889,11.66557910193982,73800.0,57200.0,4018.6479910956223,197,104.05301668569172,100,22581.352008904378
7,20114.823838352393,90.36697247706422,13.902437846328485,89250.0,65700.0,3435.176161647607,218,101.74989795315042,82,28314.823838352393
8,24137.241823866785,84.8780487804878,8.598783484876915,85050.0,57600.0,3312.7581761332153,205,98.78971855694773,29,27037.241823866785
9,19435.909300275263,84.78260869565217,12.779461023553578,72300.0,49000.0,3864.090699724737,184,99.79313276882289,28,22235.909300275263
10,22264.81489106305,92.06349206349206,6.5978333303189425,83100.0,57200.0,3635.185108936948,189,96.85832853385621,38,26064.81489106305
11,17185.091321855143,86.11111111111111,14.140685195633543,86250.0,65400.0,3664.9086781448573,216,104.38649381114851,99,27085.091321855143
12,15514.351461470356,85.57213930348259,13.663216272261085,76500.0,57300.0,3685.6485385296437,201,103.59340032185787,83,23814.351461470356
13,15818.98029708485,89.50276243093923,6.2212107665478005,69300.0,49600.0,3881.019702915149,181,99.95377178876373,54,21218.98029708485
14,14502.188840930758,84.05797101449275,11.1470578752812,75900.0,57800.0,3597.8111590692415,207,101.99331598109771,92,23702.188840930758
15,14109.516819130504,88.29787234042553,12.846442757757712,76350.0,58300.0,3940.4831808694967,188,103.33414629284992,94,23509.516819130506
16,16267.020508571626,84.73684210526316,11.988511959887669,76800.0,57100.0,3432.979491428375,190,99.05954402359478,79,24167.020508571626
17,18083.484665891985,82.84313725490196,13.977339721868502,79950.0,58400.0,3466.5153341080145,204,99.9514038198852,71,25183.484665891985
18,15135.761383998977,87.29281767955801,8.792241072205911,68550.0,49500.0,3914.238616001023,181,99.73674220100554,58,20935.76138399898
19,19585.066203665945,82.91457286432161,14.7746875779275,72900.0,49700.0,3614.933796334056,199,99.98148286444956,31,22685.066203665945
20,16409.87576024806,82.03883495145631,14.007262214243804,77550.0,57500.0,3640.1242397519413,206,99.58217032644528,78,24209.87576024806
