réplica,t_med_sistema,n_med_n1,n_med_n2,n_med_n3,Tp,n_max,n1,n2,n3,total
1,158.32267048111478,13.246644411428237,0.3838282336661269,32.51150434869506,303.892416842623,95,176,69,176,176
2,101.98601903248337,3.5645610863700847,0.2902861440868634,27.38035548990816,189.7648013309801,65,150,48,150,150
3,66.80383384671735,2.4295589821251355,0.35068353364411664,18.17346271311646,146.34286091070425,46,140,58,140,140
4,78.86702450688645,2.226223201289227,0.47857263962933294,21.546051939637472,139.0381897067665,48,135,61,135,135
5,96.82834285047241,6.22215989204196,0.24642096173409428,24.46770342265572,182.00891437802193,61,154,58,154,154
6,105.87445515519128,4.259155077084394,0.34476670791797864,24.955037697387063,194.28921272147971,57,138,44,138,138
7,51.954098623290314,1.816351565814883,0.49810401693778605,14.436889806995172,93.88899050437374,28,127,48,127,127
8,84.8200284190832,4.422417711595228,0.3858536721566384,20.556890596050263,168.15407637165356,53,140,59,140,140
9,107.48528085292784,4.561891513238411,0.349383898667295,27.779186438449653,226.07531258483914,72,160,69,160,160
10,92.03234348006028,2.3407582788971997,0.3385155334331976,23.710371250148068,163.82972009925282,48,133,53,133,133
11,71.72941531920651,4.57655921024729,0.33356263300390515,17.354238462737552,154.26176279080698,52,141,47,141,141
12,115.34527903119674,10.27587415235367,0.3034676917102259,26.255751780055807,201.0234216672913,67,160,60,160,160
13,126.48889030595872,8.093735061356028,0.4136327628794535,30.216379588797736,222.63078345929512,74,160,63,160,160
14,75.95023429680352,3.4090725811047338,0.6137032507486959,21.32980223242317,143.37245101576838,51,148,67,148,148
15,111.1274258201847,6.120452127173863,0.34710104430148175,27.12748161619404,189.56219647743706,63,148,61,148,148
16,94.01061087001437,5.645663224245508,0.4662672554214013,24.060406609085806,136.21034337138525,51,140,60,140,140
17,71.34140049574205,3.651560259107004,0.3186283769952651,19.34382247111361,131.46318424744356,43,141,56,141,141
18,112.73208781529324,8.769914298360474,0.4243468723533355,25.670337146035514,223.81496153087653,65,162,63,162,162
19,62.28100101808711,3.526778257006258,0.46752389209803974,13.970816916505267,129.87992999314758,39,124,49,124,124
20,105.90790550575845,3.4759019424166198,0.5847830989368346,27.955399260353406,192.88594356670626,67,149,59,149,149
