model,seed,horizon,entered,completed,good,defective,wip,mean_cycle,mean_wip,resource_utilization,cycle_minutes,good_per_hour,utilization_percent,defect_percent
battery,160005011,14400.0,40,39,39,0,1,1161.9721557010903,3.1679039080192206,0.906730713300366,19.366202595018173,9.75,90.6730713300366,0.0
battery,160005012,14400.0,47,39,39,0,8,2594.2800045513045,8.5142063374227,0.9016838259609198,43.238000075855076,9.75,90.16838259609197,0.0
battery,160005013,14400.0,45,39,39,0,6,2077.636938220631,5.800091224172599,0.8743611111108863,34.62728230367718,9.75,87.43611111108864,0.0
battery,160005014,14400.0,44,38,38,0,6,999.1399154578048,2.967307557600322,0.9493611111111118,16.652331924296746,9.5,94.93611111111117,0.0
battery,160005015,14400.0,31,30,30,0,1,894.5754447323109,1.9117614722881264,0.9468819444444456,14.909590745538514,7.5,94.68819444444456,0.0
battery,160005016,14400.0,36,27,27,0,9,1031.380071794457,2.59470152425291,0.947486111111112,17.189667863240953,6.75,94.7486111111112,0.0
battery,160005017,14400.0,44,35,33,2,9,1419.078055086041,4.034205980375615,0.9466319444444456,23.651300918100684,8.25,94.66319444444457,5.714285714285714
battery,160005018,14400.0,38,36,36,0,2,1245.1541517341625,3.202548146326422,0.8879270693953873,20.752569195569375,9.0,88.79270693953873,0.0
battery,160005019,14400.0,43,36,36,0,7,1060.0143207228866,3.187577517805424,0.948548611111112,17.666905345381444,9.0,94.8548611111112,0.0
battery,160005020,14400.0,38,36,36,0,2,895.1115361062151,2.252461626840481,0.9472777777777788,14.918525601770252,9.0,94.72777777777787,0.0
battery,160005021,14400.0,34,30,30,0,4,1028.1956466848796,2.2597697893911644,0.948548611111112,17.13659411141466,7.5,94.8548611111112,0.0
battery,160005022,14400.0,40,37,37,0,3,1027.1790559476126,2.720178510969653,0.9205900574103691,17.11965093246021,9.25,92.05900574103691,0.0
battery,160005023,14400.0,37,34,34,0,3,1357.2642215170663,3.410586474945379,0.9479444444444451,22.62107035861777,8.5,94.79444444444451,0.0
battery,160005024,14400.0,27,27,27,0,0,1030.1004851316757,1.9314384096218924,0.9484027777777788,17.16834141886126,6.75,94.84027777777789,0.0
battery,160005025,14400.0,35,33,33,0,2,888.7084417250292,2.1373780895720333,0.9493402777777784,14.811807362083819,8.25,94.93402777777784,0.0
battery,160005026,14400.0,30,27,27,0,3,857.5615866656385,1.7562878020786266,0.9486736111111118,14.292693111093975,6.75,94.86736111111118,0.0
battery,160005027,14400.0,25,24,24,0,1,1102.2764223763754,1.9434969390734007,0.948361111111112,18.371273706272923,6.0,94.8361111111112,0.0
battery,160005028,14400.0,34,33,33,0,1,1378.8320230664,3.196645165034045,0.8737777777775526,22.980533717773334,8.25,87.37777777775526,0.0
battery,160005029,14400.0,35,31,31,0,4,1003.211345437314,2.2993888478090043,0.9488194444444452,16.7201890906219,7.75,94.88194444444453,0.0
battery,160005030,14400.0,40,40,39,1,0,2291.241338712899,6.364559274202501,0.8768819444442213,38.187355645214986,9.75,87.68819444442212,2.5
