model,metric,n,mean,sd,ci_low,ci_high,half_width
job_shop,good,20,445.25,4.363424536325858,443.2078544556734,447.2921455443266,2.042145544326615
job_shop,good_per_hour,20,55.65625,0.5454280670407322,55.40098180695917,55.91151819304083,0.2552681930408269
job_shop,cycle_minutes,20,57.12449154564168,2.2611568811748413,56.066237550076345,58.18274554120702,1.058253995565337
job_shop,mean_wip,20,57.31195203702695,2.1257588855787786,56.31706625400095,58.30683782005295,0.9948857830260002
job_shop,wip,20,34.75,4.363424536325858,32.707854455673385,36.792145544326615,2.042145544326615
job_shop,utilization_percent,20,95.82906002913741,0.17108164711651608,95.74899135361284,95.90912870466198,0.08006867552457668
battery,good,20,33.4,4.706099066217437,31.197477838970954,35.60252216102904,2.2025221610290435
battery,good_per_hour,20,8.35,1.1765247665543592,7.7993694597427385,8.90063054025726,0.5506305402572609
battery,cycle_minutes,20,21.11909430114316,8.154573704784944,17.302636329090834,24.935552273195487,3.8164579720523273
battery,mean_wip,20,3.282624729890076,1.7309171662340612,2.47253055977301,4.092718900007142,0.8100941701170659
battery,wip,20,3.6,2.927186542164947,2.230034527988325,4.969965472011675,1.369965472011675
battery,utilization_percent,20,92.84115138588746,2.9498625660172175,91.4605732080326,94.22172956374231,1.380578177854859
